{
	"format_version": "1.8.0",
	"animations": {
		"idle": {
			"animation_length": 0.4167,
			"bones": {
				"head": {
					"rotation": {
						"0.0": {
							"vector": [5, -10, 0]
						},
						"0.0417": {
							"vector": [5, -10, 0]
						},
						"0.125": {
							"vector": [20.2207, -9.656, -2.613]
						},
						"0.25": {
							"vector": [7.5368, -9.9427, -0.4355]
						},
						"0.375": {
							"vector": [5, -10, 0]
						}
					},
					"position": {
						"0.0": {
							"vector": [0, -4, -2]
						},
						"0.0417": {
							"vector": [0, -5, -3]
						},
						"0.2083": {
							"vector": [0, -4, -2]
						}
					}
				},
				"body": {
					"rotation": {
						"0.0": {
							"vector": [15.5043, -14.4774, -3.9672]
						},
						"0.0417": {
							"vector": [20.6471, -14.076, -5.2363]
						},
						"0.2917": {
							"vector": [15.5043, -14.4774, -3.9672]
						}
					},
					"position": {
						"0.0": {
							"vector": [0, -4, -2]
						},
						"0.0417": {
							"vector": [0, -5, -3]
						},
						"0.2917": {
							"vector": [0, -4, -2]
						}
					}
				},
				"left_arm": {
					"rotation": {
						"0.0": {
							"vector": [-74.8434, 11.1108, 8.956]
						},
						"0.0417": {
							"vector": [-74.8434, 11.1108, 8.956]
						},
						"0.125": {
							"vector": [-59.8649, 8.4302, 11.5127],
							"easing": "linear"
						},
						"0.2917": {
							"vector": [-72.3469, 10.664, 9.3821]
						},
						"0.375": {
							"vector": [-74.8434, 11.1108, 8.956],
							"easing": "linear"
						}
					},
					"position": {
						"0.0": {
							"vector": [1.03632, -6.84846, 2.19226]
						},
						"0.0417": {
							"vector": [1.03632, -7.84846, 2.19226],
							"easing": "linear"
						},
						"0.125": {
							"vector": [1.03632, -6.80386, 1.89649]
						},
						"0.375": {
							"vector": [1.03632, -6.84846, 2.19226]
						}
					}
				},
				"right_arm": {
					"rotation": {
						"0.0": {
							"vector": [-77.0736, 14.6364, 3.3192]
						},
						"0.0417": {
							"vector": [-77.0736, 14.6364, 3.3192]
						},
						"0.125": {
							"vector": [-61.6784, 13.2721, 7.0531]
						},
						"0.2917": {
							"vector": [-74.5077, 14.409, 3.9416]
						},
						"0.375": {
							"vector": [-77.0736, 14.6364, 3.3192]
						}
					},
					"position": {
						"0.0": {
							"vector": [-0.04056, -6.05367, 1.75793]
						},
						"0.0417": {
							"vector": [-0.04056, -7.05367, 1.75793]
						},
						"0.125": {
							"vector": [-0.04056, -6.36449, 1.53006]
						},
						"0.375": {
							"vector": [-0.04056, -6.05367, 1.75793]
						}
					}
				},
				"left_leg": {
					"rotation": {
						"0.0": {
							"vector": [38.9633, -18.6301, -6.1497]
						},
						"0.0833": {
							"vector": [41.5821, -18.3442, -6.9802]
						},
						"0.1667": {
							"vector": [38.9633, -18.6301, -6.1497]
						}
					},
					"position": {
						"0.0": {
							"vector": [3.11643, -2.20541, -1.59587]
						},
						"0.0833": {
							"vector": [3.12, -2.46, -2.1]
						},
						"0.1667": {
							"vector": [3.11643, -2.20541, -1.59587]
						}
					}
				},
				"right_leg": {
					"rotation": {
						"0.0": {
							"vector": [20.1799, 7.9, 0.2316]
						},
						"0.0833": {
							"vector": [25.2272, 7.8495, 0.9236]
						},
						"0.1667": {
							"vector": [20.1799, 7.9, 0.2316]
						}
					},
					"position": {
						"0.0": {
							"vector": [-1, -1, -4]
						},
						"0.0833": {
							"vector": [-1, -1.25, -5]
						},
						"0.1667": {
							"vector": [-1, -1, -4]
						}
					}
				}
			}
		},
		"up": {
			"animation_length": 0.375,
			"bones": {
				"head": {
					"rotation": {
						"vector": [-50, 0, 35]
					},
					"position": {
						"0.0": {
							"vector": [3, -10, 2]
						},
						"0.125": {
							"vector": [3, -10.8, 2]
						},
						"0.2083": {
							"vector": [3, -11, 2]
						}
					}
				},
				"body": {
					"rotation": {
						"0.0": {
							"vector": [-83.0828, 29.632, 63.7286]
						},
						"0.2083": {
							"vector": [-81.8369, 27.3844, 64.3234]
						}
					},
					"position": {
						"0.0": {
							"vector": [3, -10.25, 2]
						},
						"0.125": {
							"vector": [3, -10.85, 2]
						},
						"0.2083": {
							"vector": [3, -11, 2]
						}
					}
				},
				"left_arm": {
					"rotation": {
						"vector": [3.6977, -47.4405, -2.7253]
					},
					"position": {
						"vector": [0.06228, -12.08388, -1.42302]
					}
				},
				"right_arm": {
					"rotation": {
						"vector": [-175, 45, 0]
					},
					"position": {
						"0.0": {
							"vector": [4.725, -2, 1.8]
						},
						"0.125": {
							"vector": [4.7, -2.8, 1.4]
						},
						"0.2083": {
							"vector": [4.7, -3, 1.3]
						}
					}
				},
				"left_leg": {
					"rotation": {
						"vector": [-11.533, 62.2621, 6.9114]
					},
					"position": {
						"0.0": {
							"vector": [-1, 12, -10]
						},
						"0.125": {
							"vector": [-1, 9.6, -10.8]
						},
						"0.2083": {
							"vector": [-1, 9, -11]
						}
					}
				},
				"right_leg": {
					"rotation": {
						"vector": [450, 85, -450]
					},
					"position": {
						"0.0": {
							"vector": [0, 9, -4.5]
						},
						"0.125": {
							"vector": [0, 8.2, -4.9]
						},
						"0.2083": {
							"vector": [0, 8, -5]
						}
					}
				}
			}
		},
		"down": {
			"animation_length": 1,
			"bones": {
				"root": {
					"rotation": {
						"vector": [0, 20, 0]
					}
				},
				"head": {
					"rotation": {
						"vector": [0, 90, 180]
					},
					"position": {
						"0.0": {
							"vector": [0, -16, 0]
						},
						"0.2083": {
							"vector": [0, -15, 0]
						}
					}
				},
				"body": {
					"rotation": {
						"vector": [0, 90, -180]
					},
					"position": {
						"0.0": {
							"vector": [0, -16, 0]
						},
						"0.2083": {
							"vector": [0, -15, 0]
						}
					}
				},
				"left_arm": {
					"rotation": {
						"0.0": {
							"vector": [149.8697, 58.9599, -206.4402]
						},
						"0.2083": {
							"vector": [159.0996, 60.872, -198.4475]
						}
					},
					"position": {
						"0.0": {
							"vector": [-5.0117, -12.00459, -6.00681]
						},
						"0.2083": {
							"vector": [-5.00287, -12.00038, -5]
						}
					}
				},
				"right_arm": {
					"rotation": {
						"0.0": {
							"vector": [-28.1872, 56.7741, -24.1462]
						},
						"0.2083": {
							"vector": [-19.4254, 58.5249, -16.7395]
						}
					},
					"position": {
						"0.0": {
							"vector": [5.0117, -12.00459, 6.00681]
						},
						"0.2083": {
							"vector": [5, -12.00038, 5.00287]
						}
					}
				},
				"left_leg": {
					"rotation": {
						"0.0": {
							"vector": [-126.17, 23.13, -300.64]
						},
						"0.0833": {
							"vector": [-124.1776, 14.943, -294.5526]
						},
						"0.2083": {
							"vector": [-126.1701, 23.1251, -300.6415]
						}
					},
					"position": {
						"0.0": {
							"vector": [-2, 7, -4]
						},
						"0.2083": {
							"vector": [-2, 8, -4]
						}
					}
				},
				"right_leg": {
					"rotation": {
						"0.0": {
							"vector": [53.8299, 23.1251, -120.6415]
						},
						"0.0833": {
							"vector": [55.8224, 14.943, -114.5526]
						},
						"0.2083": {
							"vector": [53.8299, 23.1251, -120.6415]
						}
					},
					"position": {
						"0.0": {
							"vector": [2, 7, 4]
						},
						"0.2083": {
							"vector": [2, 8, 4]
						}
					}
				}
			}
		},
		"front": {
			"animation_length": 0.5,
			"bones": {
				"root": {
					"position": {
						"vector": [0, 0, 2]
					}
				},
				"head": {
					"rotation": {
						"0.0": {
							"vector": [-1.7481, -67.1866, 5.3804]
						},
						"0.2083": {
							"vector": [-23.8967, -64.9197, 29.5516]
						}
					},
					"position": {
						"0.0": {
							"vector": [-2, -8.5, -8]
						},
						"0.125": {
							"vector": [-2, -8.1, -6.4]
						},
						"0.2083": {
							"vector": [-2, -8, -6]
						}
					}
				},